{
"lengthUnit": "mil",
"components": {
	"fields": ["COMPONENT_NO", "COMPONENT_NAME", "LAYER", "X_COORDINATE", "Y_COORDINATE", "ANGLE"],
	"rows": [
		[1, "BOOT", "T", 450.41, 240, 0],
		[2, "BTN", "T", 485.41, 0, 90],
		[3, "C1", "T", -584.59, -255, 180],
		[4, "C2", "T", 150.41, -265, 0],
		[5, "C3", "T", 285.41, 120, 180],
		[6, "C4", "T", -184.59, -125, 45],
		[7, "C5", "T", -299.59, 265, 0],
		[8, "C6", "T", -184.59, 140, 315],
		[9, "C7", "T", 200.41, -105, 135],
		[10, "C8", "T", -95.59, 206, 315],
		[11, "C9", "T", -140.46, 160.87, 315],
		[12, "C10", "T", -58.59, 229, 315],
		[13, "C11", "T", -229.59, -75, 45],
		[14, "C12", "T", 181.32, 120.9, 225],
		[15, "C13", "T", -129.59, -180, 45],
		[16, "C14", "T", 170.41, -135, 135],
		[17, "C15", "T", 45.41, 240, 225],
		[18, "C16", "T", 82.41, 213, 225],
		[19, "LED1", "T", 466.53, 131.89, 0],
		[20, "LED2", "T", 466.53, -131.89, 0],
		[21, "R1", "T", 330.41, 255, 180],
		[22, "R3", "T", -198.52, 220.9, 135],
		[23, "R4", "T", -169.29, 250, 135],
		[24, "R5", "T", 145.41, -170, 135],
		[25, "R6", "T", 387.79, 129.92, 90],
		[26, "R7", "T", 379.92, -135.83, 90],
		[27, "RESET", "T", 450.41, -240, 0],
		[28, "U1", "T", 0.41, 0, 45],
		[29, "U2", "T", -459.59, -145, 0],
		[30, "U3", "T", -439.59, 145, 270],
		[31, "U4", "T", 305.41, 0, 270],
		[32, "X1", "T", -994.59, 250, 0]
	]
},
"pins": {
	"fields": ["PIN_NO", "PIN_NAME", "PIN_X", "PIN_Y", "LAYER", "PIN_TYPE", "NET_NAME", "NET_TYPE", "PAD_SHAPE", "PAD_SIZEX", "PAD_SIZEY", "HOLE_SIZE", "PAD_ANGLE"],
	"rows": [
		[1, "BOOT_1", 398.25, 254.76, "T", "SMD", "$1N3256", "", "R", 21.65, 21.65, 0, 0],
		[2, "BOOT_2", 398.25, 225.23, "T", "SMD", "BOOT_2", "", "R", 21.65, 21.65, 0, 0],
		[3, "BOOT_3", 502.58, 254.76, "T", "SMD", "GND", "GND", "R", 21.65, 21.65, 0, 0],
		[4, "BOOT_4", 502.58, 225.23, "T", "SMD", "BOOT_4", "", "R", 21.65, 21.65, 0, 0],
		[5, "BTN_1", 470.65, -52.17, "T", "SMD", "$1N4645", "", "R", 21.65, 21.65, 0, 90],
		[6, "BTN_2", 500.18, -52.17, "T", "SMD", "BTN_2", "", "R", 21.65, 21.65, 0, 90],
		[7, "BTN_3", 470.65, 52.16, "T", "SMD", "BTN_3", "", "R", 21.65, 21.65, 0, 90],
		[8, "BTN_4", 500.18, 52.16, "T", "SMD", "GND", "GND", "R", 21.65, 21.65, 0, 90],
		[9, "C1_1", -563.13, -255, "T", "SMD", "GND", "GND", "R", 31.11, 21.26, 0, 180],
		[10, "C1_2", -606.05, -255, "T", "SMD", "VCC", "", "R", 31.11, 21.26, 0, 180],
		[11, "C2_1", 128.95, -265, "T", "SMD", "GND", "GND", "R", 31.11, 21.26, 0, 0],
		[12, "C2_2", 171.87, -265, "T", "SMD", "XIN", "", "R", 31.11, 21.26, 0, 0],
		[13, "C3_1", 306.87, 120, "T", "SMD", "GND", "GND", "R", 31.11, 21.26, 0, 180],
		[14, "C3_2", 263.95, 120, "T", "SMD", "$1N3532", "", "R", 31.11, 21.26, 0, 180],
		[15, "C4_1", -199.76, -140.18, "T", "SMD", "GND", "GND", "R", 31.11, 21.26, 0, 45],
		[16, "C4_2", -169.41, -109.83, "T", "SMD", "3V3", "", "R", 31.11, 21.26, 0, 45],
		[17, "C5_1", -321.05, 265, "T", "SMD", "GND", "GND", "R", 31.11, 21.26, 0, 0],
		[18, "C5_2", -278.13, 265, "T", "SMD", "3V3", "", "R", 31.11, 21.26, 0, 0],
		[19, "C6_1", -199.76, 155.17, "T", "SMD", "GND", "GND", "R", 31.11, 21.26, 0, 315],
		[20, "C6_2", -169.41, 124.82, "T", "SMD", "1V1", "", "R", 31.11, 21.26, 0, 315],
		[21, "C7_1", 215.59, -120.18, "T", "SMD", "GND", "GND", "R", 31.11, 21.26, 0, 135],
		[22, "C7_2", 185.24, -89.83, "T", "SMD", "1V1", "", "R", 31.11, 21.26, 0, 135],
		[23, "C8_1", -110.76, 221.17, "T", "SMD", "GND", "GND", "R", 31.11, 21.26, 0, 315],
		[24, "C8_2", -80.41, 190.82, "T", "SMD", "1V1", "", "R", 31.11, 21.26, 0, 315],
		[25, "C9_1", -155.64, 176.05, "T", "SMD", "GND", "GND", "R", 31.11, 21.26, 0, 315],
		[26, "C9_2", -125.29, 145.7, "T", "SMD", "3V3", "", "R", 31.11, 21.26, 0, 315],
		[27, "C10_1", -73.76, 244.17, "T", "SMD", "GND", "GND", "R", 31.11, 21.26, 0, 315],
		[28, "C10_2", -43.41, 213.82, "T", "SMD", "3V3", "", "R", 31.11, 21.26, 0, 315],
		[29, "C11_1", -244.76, -90.18, "T", "SMD", "GND", "GND", "R", 31.11, 21.26, 0, 45],
		[30, "C11_2", -214.41, -59.83, "T", "SMD", "3V3", "", "R", 31.11, 21.26, 0, 45],
		[31, "C12_1", 196.49, 136.08, "T", "SMD", "GND", "GND", "R", 31.11, 21.26, 0, 225],
		[32, "C12_2", 166.14, 105.73, "T", "SMD", "3V3", "", "R", 31.11, 21.26, 0, 225],
		[33, "C13_1", -144.76, -195.18, "T", "SMD", "GND", "GND", "R", 31.11, 21.26, 0, 45],
		[34, "C13_2", -114.41, -164.83, "T", "SMD", "3V3", "", "R", 31.11, 21.26, 0, 45],
		[35, "C14_1", 185.59, -150.18, "T", "SMD", "GND", "GND", "R", 31.11, 21.26, 0, 135],
		[36, "C14_2", 155.24, -119.83, "T", "SMD", "3V3", "", "R", 31.11, 21.26, 0, 135],
		[37, "C15_1", 60.59, 255.17, "T", "SMD", "GND", "GND", "R", 31.11, 21.26, 0, 225],
		[38, "C15_2", 30.24, 224.82, "T", "SMD", "3V3", "", "R", 31.11, 21.26, 0, 225],
		[39, "C16_1", 97.59, 228.17, "T", "SMD", "GND", "GND", "R", 31.11, 21.26, 0, 225],
		[40, "C16_2", 67.24, 197.82, "T", "SMD", "3V3", "", "R", 31.11, 21.26, 0, 225],
		[41, "LED1_1", 435.03, 114.17, "T", "SMD", "$1N18829", "", "R", 31.5, 21.65, 0, 0],
		[42, "LED1_2", 435.03, 149.6, "T", "SMD", "LED_G1", "", "R", 31.5, 21.65, 0, 0],
		[43, "LED1_3", 498.03, 149.6, "T", "SMD", "LED_B1", "", "R", 31.5, 21.65, 0, 0],
		[44, "LED1_4", 498.03, 114.17, "T", "SMD", "3V3", "", "R", 31.5, 21.65, 0, 0],
		[45, "LED2_1", 435.03, -149.6, "T", "SMD", "$1N18831", "", "R", 31.5, 21.65, 0, 0],
		[46, "LED2_2", 435.03, -114.17, "T", "SMD", "LED_G2", "", "R", 31.5, 21.65, 0, 0],
		[47, "LED2_3", 498.03, -114.17, "T", "SMD", "LED_B2", "", "R", 31.5, 21.65, 0, 0],
		[48, "LED2_4", 498.03, -149.6, "T", "SMD", "3V3", "", "R", 31.5, 21.65, 0, 0],
		[49, "R1_1", 347.45, 255, "T", "SMD", "$1N3256", "", "R", 22.27, 21.26, 0, 180],
		[50, "R1_2", 313.37, 255, "T", "SMD", "QSPI_SS", "", "R", 22.27, 21.26, 0, 180],
		[51, "R3_1", -186.47, 208.85, "T", "SMD", "$1N2148", "", "R", 22.27, 21.26, 0, 135],
		[52, "R3_2", -210.57, 232.95, "T", "SMD", "D+", "", "R", 22.27, 21.26, 0, 135],
		[53, "R4_1", -157.24, 237.95, "T", "SMD", "$1N2152", "", "R", 22.27, 21.26, 0, 135],
		[54, "R4_2", -181.34, 262.05, "T", "SMD", "D-", "", "R", 22.27, 21.26, 0, 135],
		[55, "R5_1", 157.46, -182.05, "T", "SMD", "$1N3532", "", "R", 22.27, 21.26, 0, 135],
		[56, "R5_2", 133.36, -157.95, "T", "SMD", "XOUT", "", "R", 22.27, 21.26, 0, 135],
		[57, "R6_1", 387.79, 112.88, "T", "SMD", "$1N18829", "", "R", 22.27, 21.26, 0, 90],
		[58, "R6_2", 387.79, 146.96, "T", "SMD", "LED_R1", "", "R", 22.27, 21.26, 0, 90],
		[59, "R7_1", 379.92, -152.87, "T", "SMD", "$1N18831", "", "R", 22.27, 21.26, 0, 90],
		[60, "R7_2", 379.92, -118.79, "T", "SMD", "LED_R2", "", "R", 22.27, 21.26, 0, 90],
		[61, "RESET_1", 398.25, -225.24, "T", "SMD", "$1N3700", "", "R", 21.65, 21.65, 0, 0],
		[62, "RESET_2", 398.25, -254.77, "T", "SMD", "RESET_2", "", "R", 21.65, 21.65, 0, 0],
		[63, "RESET_3", 502.58, -225.24, "T", "SMD", "GND", "GND", "R", 21.65, 21.65, 0, 0],
		[64, "RESET_4", 502.58, -254.77, "T", "SMD", "RESET_4", "", "R", 21.65, 21.65, 0, 0],
		[65, "U1_1", -170.8, -26.45, "T", "SMD", "3V3", "", "R", 43.31, 7.87, 0, 45],
		[66, "U1_2", -159.67, -37.59, "T", "SMD", "U1_2", "", "R", 43.31, 7.87, 0, 45],
		[67, "U1_3", -148.53, -48.73, "T", "SMD", "U1_3", "", "R", 43.31, 7.87, 0, 45],
		[68, "U1_4", -137.39, -59.86, "T", "SMD", "U1_4", "", "R", 43.31, 7.87, 0, 45],
		[69, "U1_5", -126.26, -70.99, "T", "SMD", "U1_5", "", "R", 43.31, 7.87, 0, 45],
		[70, "U1_6", -115.12, -82.13, "T", "SMD", "U1_6", "", "R", 43.31, 7.87, 0, 45],
		[71, "U1_7", -103.99, -93.27, "T", "SMD", "U1_7", "", "R", 43.31, 7.87, 0, 45],
		[72, "U1_8", -92.85, -104.4, "T", "SMD", "U1_8", "", "R", 43.31, 7.87, 0, 45],
		[73, "U1_9", -81.71, -115.54, "T", "SMD", "U1_9", "", "R", 43.31, 7.87, 0, 45],
		[74, "U1_10", -70.58, -126.67, "T", "SMD", "3V3", "", "R", 43.31, 7.87, 0, 45],
		[75, "U1_11", -59.45, -137.81, "T", "SMD", "U1_11", "", "R", 43.31, 7.87, 0, 45],
		[76, "U1_12", -48.31, -148.94, "T", "SMD", "U1_12", "", "R", 43.31, 7.87, 0, 45],
		[77, "U1_13", -37.17, -160.08, "T", "SMD", "U1_13", "", "R", 43.31, 7.87, 0, 45],
		[78, "U1_14", -26.04, -171.22, "T", "SMD", "U1_14", "", "R", 43.31, 7.87, 0, 45],
		[79, "U1_15", 26.86, -171.21, "T", "SMD", "U1_15", "", "R", 43.31, 7.87, 0, 135],
		[80, "U1_16", 37.99, -160.08, "T", "SMD", "LED_B2", "", "R", 43.31, 7.87, 0, 135],
		[81, "U1_17", 49.13, -148.94, "T", "SMD", "LED_G2", "", "R", 43.31, 7.87, 0, 135],
		[82, "U1_18", 60.27, -137.81, "T", "SMD", "LED_R2", "", "R", 43.31, 7.87, 0, 135],
		[83, "U1_19", 71.4, -126.67, "T", "SMD", "U1_19", "", "R", 43.31, 7.87, 0, 135],
		[84, "U1_20", 82.54, -115.53, "T", "SMD", "XIN", "", "R", 43.31, 7.87, 0, 135],
		[85, "U1_21", 93.67, -104.4, "T", "SMD", "XOUT", "", "R", 43.31, 7.87, 0, 135],
		[86, "U1_22", 104.81, -93.27, "T", "SMD", "3V3", "", "R", 43.31, 7.87, 0, 135],
		[87, "U1_23", 115.94, -82.13, "T", "SMD", "1V1", "", "R", 43.31, 7.87, 0, 135],
		[88, "U1_24", 127.08, -70.99, "T", "SMD", "U1_24", "", "R", 43.31, 7.87, 0, 135],
		[89, "U1_25", 138.22, -59.86, "T", "SMD", "U1_25", "", "R", 43.31, 7.87, 0, 135],
		[90, "U1_26", 149.35, -48.73, "T", "SMD", "$1N3700", "", "R", 43.31, 7.87, 0, 135],
		[91, "U1_27", 160.48, -37.59, "T", "SMD", "U1_27", "", "R", 43.31, 7.87, 0, 135],
		[92, "U1_28", 171.62, -26.45, "T", "SMD", "$1N4645", "", "R", 43.31, 7.87, 0, 135],
		[93, "U1_29", 171.63, 26.45, "T", "SMD", "LED_B1", "", "R", 43.31, 7.87, 0, 225],
		[94, "U1_30", 160.49, 37.58, "T", "SMD", "LED_G1", "", "R", 43.31, 7.87, 0, 225],
		[95, "U1_31", 149.35, 48.72, "T", "SMD", "LED_R1", "", "R", 43.31, 7.87, 0, 225],
		[96, "U1_32", 138.22, 59.86, "T", "SMD", "U1_32", "", "R", 43.31, 7.87, 0, 225],
		[97, "U1_33", 127.08, 70.99, "T", "SMD", "3V3", "", "R", 43.31, 7.87, 0, 225],
		[98, "U1_34", 115.95, 82.12, "T", "SMD", "U1_34", "", "R", 43.31, 7.87, 0, 225],
		[99, "U1_35", 104.81, 93.26, "T", "SMD", "U1_35", "", "R", 43.31, 7.87, 0, 225],
		[100, "U1_36", 93.68, 104.4, "T", "SMD", "U1_36", "", "R", 43.31, 7.87, 0, 225],
		[101, "U1_37", 82.54, 115.53, "T", "SMD", "U1_37", "", "R", 43.31, 7.87, 0, 225],
		[102, "U1_38", 71.4, 126.67, "T", "SMD", "U1_38", "", "R", 43.31, 7.87, 0, 225],
		[103, "U1_39", 60.27, 137.8, "T", "SMD", "U1_39", "", "R", 43.31, 7.87, 0, 225],
		[104, "U1_40", 49.14, 148.94, "T", "SMD", "U1_40", "", "R", 43.31, 7.87, 0, 225],
		[105, "U1_41", 38, 160.07, "T", "SMD", "U1_41", "", "R", 43.31, 7.87, 0, 225],
		[106, "U1_42", 26.86, 171.21, "T", "SMD", "3V3", "", "R", 43.31, 7.87, 0, 225],
		[107, "U1_43", -26.04, 171.2, "T", "SMD", "3V3", "", "R", 43.31, 7.87, 0, 315],
		[108, "U1_44", -37.17, 160.07, "T", "SMD", "3V3", "", "R", 43.31, 7.87, 0, 315],
		[109, "U1_45", -48.31, 148.93, "T", "SMD", "1V1", "", "R", 43.31, 7.87, 0, 315],
		[110, "U1_46", -59.44, 137.8, "T", "SMD", "$1N2152", "", "R", 43.31, 7.87, 0, 315],
		[111, "U1_47", -70.58, 126.66, "T", "SMD", "$1N2148", "", "R", 43.31, 7.87, 0, 315],
		[112, "U1_48", -81.71, 115.53, "T", "SMD", "3V3", "", "R", 43.31, 7.87, 0, 315],
		[113, "U1_49", -92.85, 104.39, "T", "SMD", "3V3", "", "R", 43.31, 7.87, 0, 315],
		[114, "U1_50", -103.99, 93.25, "T", "SMD", "1V1", "", "R", 43.31, 7.87, 0, 315],
		[115, "U1_51", -115.12, 82.12, "T", "SMD", "QSPI_SD3", "", "R", 43.31, 7.87, 0, 315],
		[116, "U1_52", -126.25, 70.99, "T", "SMD", "QSPI_SCLK", "", "R", 43.31, 7.87, 0, 315],
		[117, "U1_53", -137.39, 59.85, "T", "SMD", "QSPI_D0", "", "R", 43.31, 7.87, 0, 315],
		[118, "U1_54", -148.53, 48.71, "T", "SMD", "QSPI_SD2", "", "R", 43.31, 7.87, 0, 315],
		[119, "U1_55", -159.67, 37.58, "T", "SMD", "QSPI_SD1", "", "R", 43.31, 7.87, 0, 315],
		[120, "U1_56", -170.8, 26.45, "T", "SMD", "QSPI_SS", "", "R", 43.31, 7.87, 0, 315],
		[121, "U1_57", 0.41, 0, "T", "SMD", "GND", "GND", "R", 122.05, 122.05, 0, 45],
		[122, "U2_1", -342.66, -235.55, "T", "SMD", "GND", "GND", "R", 98.42, 43.31, 0, 0],
		[123, "U2_2", -342.66, -145, "T", "SMD", "3V3", "", "R", 98.42, 43.31, 0, 0],
		[124, "U2_3", -342.66, -54.45, "T", "SMD", "VCC", "", "R", 98.42, 43.31, 0, 0],
		[125, "U2_4", -576.51, -145, "T", "SMD", "U2_4", "", "R", 92.13, 141.73, 0, 0],
		[126, "U3_1", -578.57, 220, "T", "SMD", "QSPI_SS", "", "O", 24.8, 88.58, 0, 270],
		[127, "U3_2", -578.57, 170, "T", "SMD", "QSPI_SD1", "", "O", 24.8, 88.58, 0, 270],
		[128, "U3_3", -578.57, 120, "T", "SMD", "QSPI_SD2", "", "O", 24.8, 88.58, 0, 270],
		[129, "U3_4", -578.57, 70, "T", "SMD", "GND", "GND", "O", 24.8, 88.58, 0, 270],
		[130, "U3_5", -300.61, 70, "T", "SMD", "QSPI_D0", "", "O", 24.8, 88.58, 0, 270],
		[131, "U3_6", -300.61, 120, "T", "SMD", "QSPI_SCLK", "", "O", 24.8, 88.58, 0, 270],
		[132, "U3_7", -300.61, 170, "T", "SMD", "QSPI_SD3", "", "O", 24.8, 88.58, 0, 270],
		[133, "U3_8", -300.61, 220, "T", "SMD", "3V3", "", "O", 24.8, 88.58, 0, 270],
		[134, "U4_1", 271.95, 43.31, "T", "SMD", "$1N3532", "", "R", 55.12, 47.24, 0, 270],
		[135, "U4_2", 271.95, -43.31, "T", "SMD", "GND", "GND", "R", 55.12, 47.24, 0, 270],
		[136, "U4_3", 338.88, -43.31, "T", "SMD", "XIN", "", "R", 55.12, 47.24, 0, 270],
		[137, "U4_4", 338.88, 43.31, "T", "SMD", "GND", "GND", "R", 55.12, 47.24, 0, 270],
		[138, "X1_1", -802.46, 137.79, "T", "SMD", "GND", "GND", "R", 295.28, 59.06, 0, 0],
		[139, "X1_2", -782.78, 39.37, "T", "SMD", "D+", "", "R", 255.91, 39.37, 0, 0],
		[140, "X1_3", -782.78, -39.37, "T", "SMD", "D-", "", "R", 255.91, 39.37, 0, 0],
		[141, "X1_4", -802.46, -137.8, "T", "SMD", "VCC", "", "R", 295.28, 59.06, 0, 0]
	]
}
}